file,line,type,commit,author,date,time,timezone,datetime,depth,length
style.css,1,css,c6478c7f,Ishaan Kor,2025-01-17,13:10:33,-08:00,2025-01-17T13:10:33-08:00,0,5
style.css,2,css,c6478c7f,Ishaan Kor,2025-01-17,13:10:33,-08:00,2025-01-17T13:10:33-08:00,0,32
style.css,3,css,0c833c89,Ishaan Kor,2025-01-24,17:06:39,-08:00,2025-01-24T17:06:39-08:00,0,23
style.css,4,css,c6478c7f,Ishaan Kor,2025-01-17,13:10:33,-08:00,2025-01-17T13:10:33-08:00,0,0
style.css,5,css,c6478c7f,Ishaan Kor,2025-01-17,13:10:33,-08:00,2025-01-17T13:10:33-08:00,0,0
style.css,6,css,74746bc0,Ishaan Kor,2025-01-11,16:35:16,-08:00,2025-01-11T16:35:16-08:00,0,5
style.css,7,css,74746bc0,Ishaan Kor,2025-01-11,16:35:16,-08:00,2025-01-11T16:35:16-08:00,0,44
style.css,8,css,74746bc0,Ishaan Kor,2025-01-11,16:35:16,-08:00,2025-01-11T16:35:16-08:00,0,43
style.css,9,css,74746bc0,Ishaan Kor,2025-01-11,16:35:16,-08:00,2025-01-11T16:35:16-08:00,0,1
style.css,10,css,c6478c7f,Ishaan Kor,2025-01-17,13:10:33,-08:00,2025-01-17T13:10:33-08:00,0,33
style.css,11,css,74746bc0,Ishaan Kor,2025-01-11,16:35:16,-08:00,2025-01-11T16:35:16-08:00,0,24
style.css,12,css,c6478c7f,Ishaan Kor,2025-01-17,13:10:33,-08:00,2025-01-17T13:10:33-08:00,0,16
style.css,13,css,c6478c7f,Ishaan Kor,2025-01-17,13:10:33,-08:00,2025-01-17T13:10:33-08:00,0,19
style.css,14,css,c6478c7f,Ishaan Kor,2025-01-17,13:10:33,-08:00,2025-01-17T13:10:33-08:00,0,11
style.css,15,css,0c833c89,Ishaan Kor,2025-01-24,17:06:39,-08:00,2025-01-24T17:06:39-08:00,0,0
style.css,16,css,0c833c89,Ishaan Kor,2025-01-24,17:06:39,-08:00,2025-01-24T17:06:39-08:00,0,14
style.css,17,css,0c833c89,Ishaan Kor,2025-01-24,17:06:39,-08:00,2025-01-24T17:06:39-08:00,0,21
style.css,18,css,0c833c89,Ishaan Kor,2025-01-24,17:06:39,-08:00,2025-01-24T17:06:39-08:00,0,17
style.css,19,css,0c833c89,Ishaan Kor,2025-01-24,17:06:39,-08:00,2025-01-24T17:06:39-08:00,0,18
style.css,20,css,0c833c89,Ishaan Kor,2025-01-24,17:06:39,-08:00,2025-01-24T17:06:39-08:00,0,9
style.css,21,css,0c833c89,Ishaan Kor,2025-01-24,17:06:39,-08:00,2025-01-24T17:06:39-08:00,0,11
style.css,22,css,65cff7d8,Ishaan Kor,2025-01-24,17:11:11,-08:00,2025-01-24T17:11:11-08:00,0,23
style.css,23,css,65cff7d8,Ishaan Kor,2025-01-24,17:11:11,-08:00,2025-01-24T17:11:11-08:00,0,0
style.css,24,css,65cff7d8,Ishaan Kor,2025-01-24,17:11:11,-08:00,2025-01-24T17:11:11-08:00,0,0
style.css,25,css,65cff7d8,Ishaan Kor,2025-01-24,17:11:11,-08:00,2025-01-24T17:11:11-08:00,0,21
style.css,26,css,65cff7d8,Ishaan Kor,2025-01-24,17:11:11,-08:00,2025-01-24T17:11:11-08:00,0,24
style.css,27,css,0c833c89,Ishaan Kor,2025-01-24,17:06:39,-08:00,2025-01-24T17:06:39-08:00,0,0
style.css,28,css,c6478c7f,Ishaan Kor,2025-01-17,13:10:33,-08:00,2025-01-17T13:10:33-08:00,0,0
style.css,29,css,c6478c7f,Ishaan Kor,2025-01-17,13:10:33,-08:00,2025-01-17T13:10:33-08:00,0,23
style.css,30,css,c6478c7f,Ishaan Kor,2025-01-17,13:10:33,-08:00,2025-01-17T13:10:33-08:00,0,16
style.css,31,css,c6478c7f,Ishaan Kor,2025-01-17,13:10:33,-08:00,2025-01-17T13:10:33-08:00,0,18
style.css,32,css,c6478c7f,Ishaan Kor,2025-01-17,13:10:33,-08:00,2025-01-17T13:10:33-08:00,0,0
style.css,33,css,c6478c7f,Ishaan Kor,2025-01-17,13:10:33,-08:00,2025-01-17T13:10:33-08:00,0,0
style.css,34,css,c6478c7f,Ishaan Kor,2025-01-17,13:10:33,-08:00,2025-01-17T13:10:33-08:00,0,3
style.css,35,css,c6478c7f,Ishaan Kor,2025-01-17,13:10:33,-08:00,2025-01-17T13:10:33-08:00,0,15
style.css,36,css,c6478c7f,Ishaan Kor,2025-01-17,13:10:33,-08:00,2025-01-17T13:10:33-08:00,0,17
style.css,37,css,c6478c7f,Ishaan Kor,2025-01-17,13:10:33,-08:00,2025-01-17T13:10:33-08:00,0,20
style.css,38,css,c6478c7f,Ishaan Kor,2025-01-17,13:10:33,-08:00,2025-01-17T13:10:33-08:00,0,0
style.css,39,css,c6478c7f,Ishaan Kor,2025-01-17,13:10:33,-08:00,2025-01-17T13:10:33-08:00,0,0
style.css,40,css,c6478c7f,Ishaan Kor,2025-01-17,13:10:33,-08:00,2025-01-17T13:10:33-08:00,0,3
style.css,41,css,c6478c7f,Ishaan Kor,2025-01-17,13:10:33,-08:00,2025-01-17T13:10:33-08:00,0,15
style.css,42,css,c6478c7f,Ishaan Kor,2025-01-17,13:10:33,-08:00,2025-01-17T13:10:33-08:00,0,17
style.css,43,css,c6478c7f,Ishaan Kor,2025-01-17,13:10:33,-08:00,2025-01-17T13:10:33-08:00,0,20
style.css,44,css,c6478c7f,Ishaan Kor,2025-01-17,13:10:33,-08:00,2025-01-17T13:10:33-08:00,0,0
style.css,45,css,c6478c7f,Ishaan Kor,2025-01-17,13:10:33,-08:00,2025-01-17T13:10:33-08:00,0,0
style.css,46,css,c6478c7f,Ishaan Kor,2025-01-17,13:10:33,-08:00,2025-01-17T13:10:33-08:00,0,3
style.css,47,css,c6478c7f,Ishaan Kor,2025-01-17,13:10:33,-08:00,2025-01-17T13:10:33-08:00,0,15
style.css,48,css,c6478c7f,Ishaan Kor,2025-01-17,13:10:33,-08:00,2025-01-17T13:10:33-08:00,0,0
style.css,49,css,0bd64978,Ishaan Kor,2025-01-17,13:56:25,-08:00,2025-01-17T13:56:25-08:00,0,0
style.css,50,css,0bd64978,Ishaan Kor,2025-01-17,13:56:25,-08:00,2025-01-17T13:56:25-08:00,0,22
style.css,51,css,0bd64978,Ishaan Kor,2025-01-17,13:56:25,-08:00,2025-01-17T13:56:25-08:00,0,17
style.css,52,css,0bd64978,Ishaan Kor,2025-01-17,13:56:25,-08:00,2025-01-17T13:56:25-08:00,0,15
style.css,53,css,cb5f3fe0,Ishaan Kor,2025-01-17,13:44:35,-08:00,2025-01-17T13:44:35-08:00,0,0
style.css,54,css,cb5f3fe0,Ishaan Kor,2025-01-17,13:44:35,-08:00,2025-01-17T13:44:35-08:00,0,0
style.css,55,css,c6478c7f,Ishaan Kor,2025-01-17,13:10:33,-08:00,2025-01-17T13:10:33-08:00,0,2
style.css,56,css,c6478c7f,Ishaan Kor,2025-01-17,13:10:33,-08:00,2025-01-17T13:10:33-08:00,0,18
style.css,57,css,c6478c7f,Ishaan Kor,2025-01-17,13:10:33,-08:00,2025-01-17T13:10:33-08:00,0,0
style.css,58,css,c6478c7f,Ishaan Kor,2025-01-17,13:10:33,-08:00,2025-01-17T13:10:33-08:00,0,0
style.css,59,css,c6478c7f,Ishaan Kor,2025-01-17,13:10:33,-08:00,2025-01-17T13:10:33-08:00,0,4
style.css,60,css,0c833c89,Ishaan Kor,2025-01-24,17:06:39,-08:00,2025-01-24T17:06:39-08:00,0,40
style.css,61,css,c6478c7f,Ishaan Kor,2025-01-17,13:10:33,-08:00,2025-01-17T13:10:33-08:00,0,13
style.css,62,css,c6478c7f,Ishaan Kor,2025-01-17,13:10:33,-08:00,2025-01-17T13:10:33-08:00,0,19
style.css,63,css,c6478c7f,Ishaan Kor,2025-01-17,13:10:33,-08:00,2025-01-17T13:10:33-08:00,0,24
style.css,64,css,c6478c7f,Ishaan Kor,2025-01-17,13:10:33,-08:00,2025-01-17T13:10:33-08:00,0,26
style.css,65,css,0c833c89,Ishaan Kor,2025-01-24,17:06:39,-08:00,2025-01-24T17:06:39-08:00,0,40
style.css,66,css,c6478c7f,Ishaan Kor,2025-01-17,13:10:33,-08:00,2025-01-17T13:10:33-08:00,0,0
style.css,67,css,c6478c7f,Ishaan Kor,2025-01-17,13:10:33,-08:00,2025-01-17T13:10:33-08:00,0,0
style.css,68,css,c6478c7f,Ishaan Kor,2025-01-17,13:10:33,-08:00,2025-01-17T13:10:33-08:00,0,7
style.css,69,css,c6478c7f,Ishaan Kor,2025-01-17,13:10:33,-08:00,2025-01-17T13:10:33-08:00,0,17
style.css,70,css,c6478c7f,Ishaan Kor,2025-01-17,13:10:33,-08:00,2025-01-17T13:10:33-08:00,0,0
style.css,71,css,c6478c7f,Ishaan Kor,2025-01-17,13:10:33,-08:00,2025-01-17T13:10:33-08:00,0,0
style.css,72,css,c6478c7f,Ishaan Kor,2025-01-17,13:10:33,-08:00,2025-01-17T13:10:33-08:00,0,7
style.css,73,css,c6478c7f,Ishaan Kor,2025-01-17,13:10:33,-08:00,2025-01-17T13:10:33-08:00,0,17
style.css,74,css,c6478c7f,Ishaan Kor,2025-01-17,13:10:33,-08:00,2025-01-17T13:10:33-08:00,0,0
style.css,75,css,c6478c7f,Ishaan Kor,2025-01-17,13:10:33,-08:00,2025-01-17T13:10:33-08:00,0,0
style.css,76,css,cb5f3fe0,Ishaan Kor,2025-01-17,13:44:35,-08:00,2025-01-17T13:44:35-08:00,0,6
style.css,77,css,c6478c7f,Ishaan Kor,2025-01-17,13:10:33,-08:00,2025-01-17T13:10:33-08:00,0,7
style.css,78,css,c6478c7f,Ishaan Kor,2025-01-17,13:10:33,-08:00,2025-01-17T13:10:33-08:00,0,19
style.css,79,css,c6478c7f,Ishaan Kor,2025-01-17,13:10:33,-08:00,2025-01-17T13:10:33-08:00,0,21
style.css,80,css,c6478c7f,Ishaan Kor,2025-01-17,13:10:33,-08:00,2025-01-17T13:10:33-08:00,0,14
style.css,81,css,c6478c7f,Ishaan Kor,2025-01-17,13:10:33,-08:00,2025-01-17T13:10:33-08:00,0,18
style.css,82,css,c6478c7f,Ishaan Kor,2025-01-17,13:10:33,-08:00,2025-01-17T13:10:33-08:00,0,14
style.css,83,css,c6478c7f,Ishaan Kor,2025-01-17,13:10:33,-08:00,2025-01-17T13:10:33-08:00,0,0
style.css,84,css,c6478c7f,Ishaan Kor,2025-01-17,13:10:33,-08:00,2025-01-17T13:10:33-08:00,0,0
style.css,85,css,cb5f3fe0,Ishaan Kor,2025-01-17,13:44:35,-08:00,2025-01-17T13:44:35-08:00,0,12
style.css,86,css,c6478c7f,Ishaan Kor,2025-01-17,13:10:33,-08:00,2025-01-17T13:10:33-08:00,0,46
style.css,87,css,0c833c89,Ishaan Kor,2025-01-24,17:06:39,-08:00,2025-01-24T17:06:39-08:00,0,70
style.css,88,css,c6478c7f,Ishaan Kor,2025-01-17,13:10:33,-08:00,2025-01-17T13:10:33-08:00,0,21
style.css,89,css,c6478c7f,Ishaan Kor,2025-01-17,13:10:33,-08:00,2025-01-17T13:10:33-08:00,0,0
style.css,90,css,c6478c7f,Ishaan Kor,2025-01-17,13:10:33,-08:00,2025-01-17T13:10:33-08:00,0,0
style.css,91,css,641190ef,Ishaan Kor,2025-01-31,20:34:06,-08:00,2025-01-31T20:34:06-08:00,0,3
style.css,92,css,641190ef,Ishaan Kor,2025-01-31,20:34:06,-08:00,2025-01-31T20:34:06-08:00,0,13
style.css,93,css,ac5cbb0f,Ishaan Kor,2025-01-31,20:48:45,-08:00,2025-01-31T20:48:45-08:00,0,37
style.css,94,css,ac5cbb0f,Ishaan Kor,2025-01-31,20:48:45,-08:00,2025-01-31T20:48:45-08:00,0,9
style.css,95,css,ac5cbb0f,Ishaan Kor,2025-01-31,20:48:45,-08:00,2025-01-31T20:48:45-08:00,0,16
style.css,96,css,641190ef,Ishaan Kor,2025-01-31,20:34:06,-08:00,2025-01-31T20:34:06-08:00,0,30
style.css,97,css,641190ef,Ishaan Kor,2025-01-31,20:34:06,-08:00,2025-01-31T20:34:06-08:00,0,16
style.css,98,css,641190ef,Ishaan Kor,2025-01-31,20:34:06,-08:00,2025-01-31T20:34:06-08:00,0,16
style.css,99,css,641190ef,Ishaan Kor,2025-01-31,20:34:06,-08:00,2025-01-31T20:34:06-08:00,0,17
style.css,100,css,641190ef,Ishaan Kor,2025-01-31,20:34:06,-08:00,2025-01-31T20:34:06-08:00,0,18
style.css,101,css,641190ef,Ishaan Kor,2025-01-31,20:34:06,-08:00,2025-01-31T20:34:06-08:00,0,0
style.css,102,css,641190ef,Ishaan Kor,2025-01-31,20:34:06,-08:00,2025-01-31T20:34:06-08:00,0,0
style.css,103,css,641190ef,Ishaan Kor,2025-01-31,20:34:06,-08:00,2025-01-31T20:34:06-08:00,0,7
style.css,104,css,641190ef,Ishaan Kor,2025-01-31,20:34:06,-08:00,2025-01-31T20:34:06-08:00,0,13
style.css,105,css,641190ef,Ishaan Kor,2025-01-31,20:34:06,-08:00,2025-01-31T20:34:06-08:00,0,19
style.css,106,css,641190ef,Ishaan Kor,2025-01-31,20:34:06,-08:00,2025-01-31T20:34:06-08:00,0,0
style.css,107,css,641190ef,Ishaan Kor,2025-01-31,20:34:06,-08:00,2025-01-31T20:34:06-08:00,0,0
style.css,108,css,641190ef,Ishaan Kor,2025-01-31,20:34:06,-08:00,2025-01-31T20:34:06-08:00,0,3
style.css,109,css,641190ef,Ishaan Kor,2025-01-31,20:34:06,-08:00,2025-01-31T20:34:06-08:00,0,15
style.css,110,css,641190ef,Ishaan Kor,2025-01-31,20:34:06,-08:00,2025-01-31T20:34:06-08:00,0,17
style.css,111,css,641190ef,Ishaan Kor,2025-01-31,20:34:06,-08:00,2025-01-31T20:34:06-08:00,0,25
style.css,112,css,641190ef,Ishaan Kor,2025-01-31,20:34:06,-08:00,2025-01-31T20:34:06-08:00,0,19
style.css,113,css,641190ef,Ishaan Kor,2025-01-31,20:34:06,-08:00,2025-01-31T20:34:06-08:00,0,13
style.css,114,css,641190ef,Ishaan Kor,2025-01-31,20:34:06,-08:00,2025-01-31T20:34:06-08:00,0,22
style.css,115,css,641190ef,Ishaan Kor,2025-01-31,20:34:06,-08:00,2025-01-31T20:34:06-08:00,0,0
style.css,116,css,641190ef,Ishaan Kor,2025-01-31,20:34:06,-08:00,2025-01-31T20:34:06-08:00,0,0
style.css,117,css,641190ef,Ishaan Kor,2025-01-31,20:34:06,-08:00,2025-01-31T20:34:06-08:00,0,3
style.css,118,css,641190ef,Ishaan Kor,2025-01-31,20:34:06,-08:00,2025-01-31T20:34:06-08:00,0,15
style.css,119,css,641190ef,Ishaan Kor,2025-01-31,20:34:06,-08:00,2025-01-31T20:34:06-08:00,0,17
style.css,120,css,641190ef,Ishaan Kor,2025-01-31,20:34:06,-08:00,2025-01-31T20:34:06-08:00,0,9
style.css,121,css,641190ef,Ishaan Kor,2025-01-31,20:34:06,-08:00,2025-01-31T20:34:06-08:00,0,13
style.css,122,css,ac5cbb0f,Ishaan Kor,2025-01-31,20:48:45,-08:00,2025-01-31T20:48:45-08:00,0,20
style.css,123,css,641190ef,Ishaan Kor,2025-01-31,20:34:06,-08:00,2025-01-31T20:34:06-08:00,0,0
style.css,124,css,641190ef,Ishaan Kor,2025-01-31,20:34:06,-08:00,2025-01-31T20:34:06-08:00,0,0
style.css,125,css,c6478c7f,Ishaan Kor,2025-01-17,13:10:33,-08:00,2025-01-17T13:10:33-08:00,0,9
style.css,126,css,c6478c7f,Ishaan Kor,2025-01-17,13:10:33,-08:00,2025-01-17T13:10:33-08:00,0,17
style.css,127,css,c6478c7f,Ishaan Kor,2025-01-17,13:10:33,-08:00,2025-01-17T13:10:33-08:00,0,44
style.css,128,css,c6478c7f,Ishaan Kor,2025-01-17,13:10:33,-08:00,2025-01-17T13:10:33-08:00,0,21
style.css,129,css,c6478c7f,Ishaan Kor,2025-01-17,13:10:33,-08:00,2025-01-17T13:10:33-08:00,0,0
style.css,130,css,c6478c7f,Ishaan Kor,2025-01-17,13:10:33,-08:00,2025-01-17T13:10:33-08:00,0,0
style.css,131,css,c6478c7f,Ishaan Kor,2025-01-17,13:10:33,-08:00,2025-01-17T13:10:33-08:00,0,5
style.css,132,css,c6478c7f,Ishaan Kor,2025-01-17,13:10:33,-08:00,2025-01-17T13:10:33-08:00,0,13
style.css,133,css,c6478c7f,Ishaan Kor,2025-01-17,13:10:33,-08:00,2025-01-17T13:10:33-08:00,0,13
style.css,134,css,c6478c7f,Ishaan Kor,2025-01-17,13:10:33,-08:00,2025-01-17T13:10:33-08:00,0,31
style.css,135,css,c6478c7f,Ishaan Kor,2025-01-17,13:10:33,-08:00,2025-01-17T13:10:33-08:00,0,8
style.css,136,css,c6478c7f,Ishaan Kor,2025-01-17,13:10:33,-08:00,2025-01-17T13:10:33-08:00,0,0
style.css,137,css,c6478c7f,Ishaan Kor,2025-01-17,13:10:33,-08:00,2025-01-17T13:10:33-08:00,0,0
style.css,138,css,c6478c7f,Ishaan Kor,2025-01-17,13:10:33,-08:00,2025-01-17T13:10:33-08:00,0,6
style.css,139,css,c6478c7f,Ishaan Kor,2025-01-17,13:10:33,-08:00,2025-01-17T13:10:33-08:00,0,13
style.css,140,css,c6478c7f,Ishaan Kor,2025-01-17,13:10:33,-08:00,2025-01-17T13:10:33-08:00,0,30
style.css,141,css,c6478c7f,Ishaan Kor,2025-01-17,13:10:33,-08:00,2025-01-17T13:10:33-08:00,0,19
style.css,142,css,c6478c7f,Ishaan Kor,2025-01-17,13:10:33,-08:00,2025-01-17T13:10:33-08:00,0,0
style.css,143,css,c6478c7f,Ishaan Kor,2025-01-17,13:10:33,-08:00,2025-01-17T13:10:33-08:00,0,0
style.css,144,css,c6478c7f,Ishaan Kor,2025-01-17,13:10:33,-08:00,2025-01-17T13:10:33-08:00,0,6
style.css,145,css,c6478c7f,Ishaan Kor,2025-01-17,13:10:33,-08:00,2025-01-17T13:10:33-08:00,0,14
style.css,146,css,c6478c7f,Ishaan Kor,2025-01-17,13:10:33,-08:00,2025-01-17T13:10:33-08:00,0,11
style.css,147,css,c6478c7f,Ishaan Kor,2025-01-17,13:10:33,-08:00,2025-01-17T13:10:33-08:00,0,22
style.css,148,css,53b4e0a2,Ishaan Kor,2025-01-24,18:13:13,-08:00,2025-01-24T18:13:13-08:00,0,24
style.css,149,css,c6478c7f,Ishaan Kor,2025-01-17,13:10:33,-08:00,2025-01-17T13:10:33-08:00,0,0
style.css,150,css,c6478c7f,Ishaan Kor,2025-01-17,13:10:33,-08:00,2025-01-17T13:10:33-08:00,0,0
style.css,151,css,c6478c7f,Ishaan Kor,2025-01-17,13:10:33,-08:00,2025-01-17T13:10:33-08:00,0,9
style.css,152,css,c6478c7f,Ishaan Kor,2025-01-17,13:10:33,-08:00,2025-01-17T13:10:33-08:00,0,14
style.css,153,css,c6478c7f,Ishaan Kor,2025-01-17,13:10:33,-08:00,2025-01-17T13:10:33-08:00,0,11
style.css,154,css,53b4e0a2,Ishaan Kor,2025-01-24,18:13:13,-08:00,2025-01-24T18:13:13-08:00,0,22
style.css,155,css,53b4e0a2,Ishaan Kor,2025-01-24,18:13:13,-08:00,2025-01-24T18:13:13-08:00,0,25
style.css,156,css,c6478c7f,Ishaan Kor,2025-01-17,13:10:33,-08:00,2025-01-17T13:10:33-08:00,0,0
style.css,157,css,c6478c7f,Ishaan Kor,2025-01-17,13:10:33,-08:00,2025-01-17T13:10:33-08:00,0,0
style.css,158,css,c6478c7f,Ishaan Kor,2025-01-17,13:10:33,-08:00,2025-01-17T13:10:33-08:00,0,7
style.css,159,css,c6478c7f,Ishaan Kor,2025-01-17,13:10:33,-08:00,2025-01-17T13:10:33-08:00,0,19
style.css,160,css,c6478c7f,Ishaan Kor,2025-01-17,13:10:33,-08:00,2025-01-17T13:10:33-08:00,0,14
style.css,161,css,c6478c7f,Ishaan Kor,2025-01-17,13:10:33,-08:00,2025-01-17T13:10:33-08:00,0,11
style.css,162,css,c6478c7f,Ishaan Kor,2025-01-17,13:10:33,-08:00,2025-01-17T13:10:33-08:00,0,22
style.css,163,css,c6478c7f,Ishaan Kor,2025-01-17,13:10:33,-08:00,2025-01-17T13:10:33-08:00,0,0
style.css,164,css,c6478c7f,Ishaan Kor,2025-01-17,13:10:33,-08:00,2025-01-17T13:10:33-08:00,0,0
style.css,165,css,c6478c7f,Ishaan Kor,2025-01-17,13:10:33,-08:00,2025-01-17T13:10:33-08:00,0,10
style.css,166,css,ad82f1bd,Ishaan Kor,2025-02-08,01:03:10,-08:00,2025-02-08T01:03:10-08:00,0,17
style.css,167,css,c6478c7f,Ishaan Kor,2025-01-17,13:10:33,-08:00,2025-01-17T13:10:33-08:00,0,13
style.css,168,css,c6478c7f,Ishaan Kor,2025-01-17,13:10:33,-08:00,2025-01-17T13:10:33-08:00,0,59
style.css,169,css,c6478c7f,Ishaan Kor,2025-01-17,13:10:33,-08:00,2025-01-17T13:10:33-08:00,0,8
style.css,170,css,c6478c7f,Ishaan Kor,2025-01-17,13:10:33,-08:00,2025-01-17T13:10:33-08:00,0,0
style.css,171,css,c6478c7f,Ishaan Kor,2025-01-17,13:10:33,-08:00,2025-01-17T13:10:33-08:00,0,0
style.css,172,css,c6478c7f,Ishaan Kor,2025-01-17,13:10:33,-08:00,2025-01-17T13:10:33-08:00,0,18
style.css,173,css,c6478c7f,Ishaan Kor,2025-01-17,13:10:33,-08:00,2025-01-17T13:10:33-08:00,0,27
style.css,174,css,c6478c7f,Ishaan Kor,2025-01-17,13:10:33,-08:00,2025-01-17T13:10:33-08:00,0,16
style.css,175,css,c6478c7f,Ishaan Kor,2025-01-17,13:10:33,-08:00,2025-01-17T13:10:33-08:00,0,0
style.css,176,css,c6478c7f,Ishaan Kor,2025-01-17,13:10:33,-08:00,2025-01-17T13:10:33-08:00,0,0
style.css,177,css,c6478c7f,Ishaan Kor,2025-01-17,13:10:33,-08:00,2025-01-17T13:10:33-08:00,0,13
style.css,178,css,c6478c7f,Ishaan Kor,2025-01-17,13:10:33,-08:00,2025-01-17T13:10:33-08:00,0,9
style.css,179,css,c6478c7f,Ishaan Kor,2025-01-17,13:10:33,-08:00,2025-01-17T13:10:33-08:00,0,0
style.css,180,css,ad82f1bd,Ishaan Kor,2025-02-08,01:03:10,-08:00,2025-02-08T01:03:10-08:00,0,0
style.css,181,css,ad82f1bd,Ishaan Kor,2025-02-08,01:03:10,-08:00,2025-02-08T01:03:10-08:00,0,34
style.css,182,css,ad82f1bd,Ishaan Kor,2025-02-08,01:03:10,-08:00,2025-02-08T01:03:10-08:00,0,24
style.css,183,css,ad82f1bd,Ishaan Kor,2025-02-08,01:03:10,-08:00,2025-02-08T01:03:10-08:00,0,35
style.css,184,css,ad82f1bd,Ishaan Kor,2025-02-08,01:03:10,-08:00,2025-02-08T01:03:10-08:00,0,0
style.css,185,css,ad82f1bd,Ishaan Kor,2025-02-08,01:03:10,-08:00,2025-02-08T01:03:10-08:00,0,0
style.css,186,css,ad82f1bd,Ishaan Kor,2025-02-08,01:03:10,-08:00,2025-02-08T01:03:10-08:00,0,19
style.css,187,css,ad82f1bd,Ishaan Kor,2025-02-08,01:03:10,-08:00,2025-02-08T01:03:10-08:00,0,13
style.css,188,css,173d1bbe,Ishaan Kor,2025-02-08,18:05:36,-08:00,2025-02-08T18:05:36-08:00,0,7
style.css,189,css,173d1bbe,Ishaan Kor,2025-02-08,18:05:36,-08:00,2025-02-08T18:05:36-08:00,0,16
style.css,190,css,173d1bbe,Ishaan Kor,2025-02-08,18:05:36,-08:00,2025-02-08T18:05:36-08:00,0,17
style.css,191,css,ad82f1bd,Ishaan Kor,2025-02-08,01:03:10,-08:00,2025-02-08T01:03:10-08:00,0,13
style.css,192,css,173d1bbe,Ishaan Kor,2025-02-08,18:05:36,-08:00,2025-02-08T18:05:36-08:00,0,12
style.css,193,css,ad82f1bd,Ishaan Kor,2025-02-08,01:03:10,-08:00,2025-02-08T01:03:10-08:00,0,19
style.css,194,css,ad82f1bd,Ishaan Kor,2025-02-08,01:03:10,-08:00,2025-02-08T01:03:10-08:00,0,27
style.css,195,css,ad82f1bd,Ishaan Kor,2025-02-08,01:03:10,-08:00,2025-02-08T01:03:10-08:00,0,9
style.css,196,css,ad82f1bd,Ishaan Kor,2025-02-08,01:03:10,-08:00,2025-02-08T01:03:10-08:00,0,15
style.css,197,css,9c8a08ee,Ishaan Kor,2025-02-08,01:06:59,-08:00,2025-02-08T01:06:59-08:00,0,19
style.css,198,css,ad82f1bd,Ishaan Kor,2025-02-08,01:03:10,-08:00,2025-02-08T01:03:10-08:00,0,0
style.css,199,css,ad82f1bd,Ishaan Kor,2025-02-08,01:03:10,-08:00,2025-02-08T01:03:10-08:00,0,0
style.css,200,css,ad82f1bd,Ishaan Kor,2025-02-08,01:03:10,-08:00,2025-02-08T01:03:10-08:00,0,8
style.css,201,css,ad82f1bd,Ishaan Kor,2025-02-08,01:03:10,-08:00,2025-02-08T01:03:10-08:00,0,13
style.css,202,css,ad82f1bd,Ishaan Kor,2025-02-08,01:03:10,-08:00,2025-02-08T01:03:10-08:00,0,58
style.css,203,css,ad82f1bd,Ishaan Kor,2025-02-08,01:03:10,-08:00,2025-02-08T01:03:10-08:00,0,16
style.css,204,css,ad82f1bd,Ishaan Kor,2025-02-08,01:03:10,-08:00,2025-02-08T01:03:10-08:00,0,25
style.css,205,css,ad82f1bd,Ishaan Kor,2025-02-08,01:03:10,-08:00,2025-02-08T01:03:10-08:00,0,19
style.css,206,css,ad82f1bd,Ishaan Kor,2025-02-08,01:03:10,-08:00,2025-02-08T01:03:10-08:00,0,13
style.css,207,css,ad82f1bd,Ishaan Kor,2025-02-08,01:03:10,-08:00,2025-02-08T01:03:10-08:00,0,7
style.css,208,css,ad82f1bd,Ishaan Kor,2025-02-08,01:03:10,-08:00,2025-02-08T01:03:10-08:00,0,9
style.css,209,css,ad82f1bd,Ishaan Kor,2025-02-08,01:03:10,-08:00,2025-02-08T01:03:10-08:00,0,19
style.css,210,css,ad82f1bd,Ishaan Kor,2025-02-08,01:03:10,-08:00,2025-02-08T01:03:10-08:00,0,0
style.css,211,css,ad82f1bd,Ishaan Kor,2025-02-08,01:03:10,-08:00,2025-02-08T01:03:10-08:00,0,0
style.css,212,css,ad82f1bd,Ishaan Kor,2025-02-08,01:03:10,-08:00,2025-02-08T01:03:10-08:00,0,13
style.css,213,css,ad82f1bd,Ishaan Kor,2025-02-08,01:03:10,-08:00,2025-02-08T01:03:10-08:00,0,13
style.css,214,css,ad82f1bd,Ishaan Kor,2025-02-08,01:03:10,-08:00,2025-02-08T01:03:10-08:00,0,19
style.css,215,css,ad82f1bd,Ishaan Kor,2025-02-08,01:03:10,-08:00,2025-02-08T01:03:10-08:00,0,9
style.css,216,css,ad82f1bd,Ishaan Kor,2025-02-08,01:03:10,-08:00,2025-02-08T01:03:10-08:00,0,22
style.css,217,css,ad82f1bd,Ishaan Kor,2025-02-08,01:03:10,-08:00,2025-02-08T01:03:10-08:00,0,0
style.css,218,css,ad82f1bd,Ishaan Kor,2025-02-08,01:03:10,-08:00,2025-02-08T01:03:10-08:00,0,0
style.css,219,css,ad82f1bd,Ishaan Kor,2025-02-08,01:03:10,-08:00,2025-02-08T01:03:10-08:00,0,8
style.css,220,css,ad82f1bd,Ishaan Kor,2025-02-08,01:03:10,-08:00,2025-02-08T01:03:10-08:00,0,11
style.css,221,css,ad82f1bd,Ishaan Kor,2025-02-08,01:03:10,-08:00,2025-02-08T01:03:10-08:00,0,12
style.css,222,css,ad82f1bd,Ishaan Kor,2025-02-08,01:03:10,-08:00,2025-02-08T01:03:10-08:00,0,19
style.css,223,css,ad82f1bd,Ishaan Kor,2025-02-08,01:03:10,-08:00,2025-02-08T01:03:10-08:00,0,30
style.css,224,css,ad82f1bd,Ishaan Kor,2025-02-08,01:03:10,-08:00,2025-02-08T01:03:10-08:00,0,18
style.css,225,css,ad82f1bd,Ishaan Kor,2025-02-08,01:03:10,-08:00,2025-02-08T01:03:10-08:00,0,21
style.css,226,css,ad82f1bd,Ishaan Kor,2025-02-08,01:03:10,-08:00,2025-02-08T01:03:10-08:00,0,0
style.css,227,css,ad82f1bd,Ishaan Kor,2025-02-08,01:03:10,-08:00,2025-02-08T01:03:10-08:00,0,0
style.css,228,css,ad82f1bd,Ishaan Kor,2025-02-08,01:03:10,-08:00,2025-02-08T01:03:10-08:00,0,11
style.css,229,css,ad82f1bd,Ishaan Kor,2025-02-08,01:03:10,-08:00,2025-02-08T01:03:10-08:00,0,13
style.css,230,css,ad82f1bd,Ishaan Kor,2025-02-08,01:03:10,-08:00,2025-02-08T01:03:10-08:00,0,19
style.css,231,css,ad82f1bd,Ishaan Kor,2025-02-08,01:03:10,-08:00,2025-02-08T01:03:10-08:00,0,9
style.css,232,css,ad82f1bd,Ishaan Kor,2025-02-08,01:03:10,-08:00,2025-02-08T01:03:10-08:00,0,15
style.css,233,css,ad82f1bd,Ishaan Kor,2025-02-08,01:03:10,-08:00,2025-02-08T01:03:10-08:00,0,12
style.css,234,css,ad82f1bd,Ishaan Kor,2025-02-08,01:03:10,-08:00,2025-02-08T01:03:10-08:00,0,0
style.css,235,css,ad82f1bd,Ishaan Kor,2025-02-08,01:03:10,-08:00,2025-02-08T01:03:10-08:00,0,0
style.css,236,css,ad82f1bd,Ishaan Kor,2025-02-08,01:03:10,-08:00,2025-02-08T01:03:10-08:00,0,11
style.css,237,css,ad82f1bd,Ishaan Kor,2025-02-08,01:03:10,-08:00,2025-02-08T01:03:10-08:00,0,18
style.css,238,css,ad82f1bd,Ishaan Kor,2025-02-08,01:03:10,-08:00,2025-02-08T01:03:10-08:00,0,15
style.css,239,css,ad82f1bd,Ishaan Kor,2025-02-08,01:03:10,-08:00,2025-02-08T01:03:10-08:00,0,22
style.css,240,css,ad82f1bd,Ishaan Kor,2025-02-08,01:03:10,-08:00,2025-02-08T01:03:10-08:00,0,25
style.css,241,css,ad82f1bd,Ishaan Kor,2025-02-08,01:03:10,-08:00,2025-02-08T01:03:10-08:00,0,18
style.css,242,css,ad82f1bd,Ishaan Kor,2025-02-08,01:03:10,-08:00,2025-02-08T01:03:10-08:00,0,13
style.css,243,css,ad82f1bd,Ishaan Kor,2025-02-08,01:03:10,-08:00,2025-02-08T01:03:10-08:00,0,0
style.css,244,css,ad82f1bd,Ishaan Kor,2025-02-08,01:03:10,-08:00,2025-02-08T01:03:10-08:00,0,0
style.css,245,css,ad82f1bd,Ishaan Kor,2025-02-08,01:03:10,-08:00,2025-02-08T01:03:10-08:00,0,17
style.css,246,css,ad82f1bd,Ishaan Kor,2025-02-08,01:03:10,-08:00,2025-02-08T01:03:10-08:00,0,21
style.css,247,css,ad82f1bd,Ishaan Kor,2025-02-08,01:03:10,-08:00,2025-02-08T01:03:10-08:00,0,0
style.css,248,css,ad82f1bd,Ishaan Kor,2025-02-08,01:03:10,-08:00,2025-02-08T01:03:10-08:00,0,0
style.css,249,css,ad82f1bd,Ishaan Kor,2025-02-08,01:03:10,-08:00,2025-02-08T01:03:10-08:00,0,10
style.css,250,css,ad82f1bd,Ishaan Kor,2025-02-08,01:03:10,-08:00,2025-02-08T01:03:10-08:00,0,36
style.css,251,css,ad82f1bd,Ishaan Kor,2025-02-08,01:03:10,-08:00,2025-02-08T01:03:10-08:00,0,0
style.css,252,css,ad82f1bd,Ishaan Kor,2025-02-08,01:03:10,-08:00,2025-02-08T01:03:10-08:00,0,11
style.css,253,css,ad82f1bd,Ishaan Kor,2025-02-08,01:03:10,-08:00,2025-02-08T01:03:10-08:00,0,18
style.css,254,css,ad82f1bd,Ishaan Kor,2025-02-08,01:03:10,-08:00,2025-02-08T01:03:10-08:00,0,0
style.css,255,css,ad82f1bd,Ishaan Kor,2025-02-08,01:03:10,-08:00,2025-02-08T01:03:10-08:00,0,0
style.css,256,css,ad82f1bd,Ishaan Kor,2025-02-08,01:03:10,-08:00,2025-02-08T01:03:10-08:00,0,0
style.css,257,css,ad82f1bd,Ishaan Kor,2025-02-08,01:03:10,-08:00,2025-02-08T01:03:10-08:00,0,18
style.css,258,css,ad82f1bd,Ishaan Kor,2025-02-08,01:03:10,-08:00,2025-02-08T01:03:10-08:00,0,17
style.css,259,css,ad82f1bd,Ishaan Kor,2025-02-08,01:03:10,-08:00,2025-02-08T01:03:10-08:00,0,12
style.css,260,css,ad82f1bd,Ishaan Kor,2025-02-08,01:03:10,-08:00,2025-02-08T01:03:10-08:00,0,0
style.css,261,css,ad82f1bd,Ishaan Kor,2025-02-08,01:03:10,-08:00,2025-02-08T01:03:10-08:00,0,0
style.css,262,css,ad82f1bd,Ishaan Kor,2025-02-08,01:03:10,-08:00,2025-02-08T01:03:10-08:00,0,0
style.css,263,css,ad82f1bd,Ishaan Kor,2025-02-08,01:03:10,-08:00,2025-02-08T01:03:10-08:00,0,5
style.css,264,css,ad82f1bd,Ishaan Kor,2025-02-08,01:03:10,-08:00,2025-02-08T01:03:10-08:00,0,17
style.css,265,css,ad82f1bd,Ishaan Kor,2025-02-08,01:03:10,-08:00,2025-02-08T01:03:10-08:00,0,15
style.css,266,css,ad82f1bd,Ishaan Kor,2025-02-08,01:03:10,-08:00,2025-02-08T01:03:10-08:00,0,0
style.css,267,css,ad82f1bd,Ishaan Kor,2025-02-08,01:03:10,-08:00,2025-02-08T01:03:10-08:00,0,0
style.css,268,css,74746bc0,Ishaan Kor,2025-01-11,16:35:16,-08:00,2025-01-11T16:35:16-08:00,0,0
index.js,1,js,641190ef,Ishaan Kor,2025-01-31,20:34:06,-08:00,2025-01-31T20:34:06-08:00,0,55
index.js,2,js,641190ef,Ishaan Kor,2025-01-31,20:34:06,-08:00,2025-01-31T20:34:06-08:00,0,0
index.js,3,js,641190ef,Ishaan Kor,2025-01-31,20:34:06,-08:00,2025-01-31T20:34:06-08:00,0,55
index.js,4,js,641190ef,Ishaan Kor,2025-01-31,20:34:06,-08:00,2025-01-31T20:34:06-08:00,0,43
index.js,5,js,641190ef,Ishaan Kor,2025-01-31,20:34:06,-08:00,2025-01-31T20:34:06-08:00,0,61
index.js,6,js,641190ef,Ishaan Kor,2025-01-31,20:34:06,-08:00,2025-01-31T20:34:06-08:00,0,55
index.js,7,js,641190ef,Ishaan Kor,2025-01-31,20:34:06,-08:00,2025-01-31T20:34:06-08:00,0,48
index.js,8,js,641190ef,Ishaan Kor,2025-01-31,20:34:06,-08:00,2025-01-31T20:34:06-08:00,0,60
index.js,9,js,641190ef,Ishaan Kor,2025-01-31,20:34:06,-08:00,2025-01-31T20:34:06-08:00,0,0
index.js,10,js,641190ef,Ishaan Kor,2025-01-31,20:34:06,-08:00,2025-01-31T20:34:06-08:00,0,53
index.js,11,js,641190ef,Ishaan Kor,2025-01-31,20:34:06,-08:00,2025-01-31T20:34:06-08:00,0,61
index.js,12,js,641190ef,Ishaan Kor,2025-01-31,20:34:06,-08:00,2025-01-31T20:34:06-08:00,0,18
index.js,13,js,641190ef,Ishaan Kor,2025-01-31,20:34:06,-08:00,2025-01-31T20:34:06-08:00,0,25
index.js,14,js,641190ef,Ishaan Kor,2025-01-31,20:34:06,-08:00,2025-01-31T20:34:06-08:00,0,3
index.js,15,js,641190ef,Ishaan Kor,2025-01-31,20:34:06,-08:00,2025-01-31T20:34:06-08:00,0,56
index.js,16,js,641190ef,Ishaan Kor,2025-01-31,20:34:06,-08:00,2025-01-31T20:34:06-08:00,0,56
index.js,17,js,641190ef,Ishaan Kor,2025-01-31,20:34:06,-08:00,2025-01-31T20:34:06-08:00,0,28
index.js,18,js,641190ef,Ishaan Kor,2025-01-31,20:34:06,-08:00,2025-01-31T20:34:06-08:00,0,28
index.js,19,js,641190ef,Ishaan Kor,2025-01-31,20:34:06,-08:00,2025-01-31T20:34:06-08:00,0,4
index.js,20,js,641190ef,Ishaan Kor,2025-01-31,20:34:06,-08:00,2025-01-31T20:34:06-08:00,0,1
index.js,21,js,641190ef,Ishaan Kor,2025-01-31,20:34:06,-08:00,2025-01-31T20:34:06-08:00,0,0
index.js,22,js,641190ef,Ishaan Kor,2025-01-31,20:34:06,-08:00,2025-01-31T20:34:06-08:00,0,0
index.js,23,js,641190ef,Ishaan Kor,2025-01-31,20:34:06,-08:00,2025-01-31T20:34:06-08:00,0,0
index.html,1,html,1f491d59,Ishaan Kor,2025-01-11,16:03:55,-08:00,2025-01-11T16:03:55-08:00,0,14
index.html,2,html,1f491d59,Ishaan Kor,2025-01-11,16:03:55,-08:00,2025-01-11T16:03:55-08:00,0,15
index.html,3,html,1f491d59,Ishaan Kor,2025-01-11,16:03:55,-08:00,2025-01-11T16:03:55-08:00,0,5
index.html,4,html,1f491d59,Ishaan Kor,2025-01-11,16:03:55,-08:00,2025-01-11T16:03:55-08:00,0,21
index.html,5,html,1f491d59,Ishaan Kor,2025-01-11,16:03:55,-08:00,2025-01-11T16:03:55-08:00,0,69
index.html,6,html,1b516e9f,Ishaan Kor,2025-01-17,14:30:48,-08:00,2025-01-17T14:30:48-08:00,0,57
index.html,7,html,0c833c89,Ishaan Kor,2025-01-24,17:06:39,-08:00,2025-01-24T17:06:39-08:00,0,39
index.html,8,html,0c833c89,Ishaan Kor,2025-01-24,17:06:39,-08:00,2025-01-24T17:06:39-08:00,0,46
index.html,9,html,641190ef,Ishaan Kor,2025-01-31,20:34:06,-08:00,2025-01-31T20:34:06-08:00,0,51
index.html,10,html,1f491d59,Ishaan Kor,2025-01-11,16:03:55,-08:00,2025-01-11T16:03:55-08:00,0,6
index.html,11,html,c6478c7f,Ishaan Kor,2025-01-17,13:10:33,-08:00,2025-01-17T13:10:33-08:00,0,5
index.html,12,html,1f491d59,Ishaan Kor,2025-01-11,16:03:55,-08:00,2025-01-11T16:03:55-08:00,0,22
index.html,13,html,74746bc0,Ishaan Kor,2025-01-11,16:35:16,-08:00,2025-01-11T16:35:16-08:00,0,80
index.html,14,html,641190ef,Ishaan Kor,2025-01-31,20:34:06,-08:00,2025-01-31T20:34:06-08:00,0,134
index.html,15,html,641190ef,Ishaan Kor,2025-01-31,20:34:06,-08:00,2025-01-31T20:34:06-08:00,0,23
index.html,16,html,641190ef,Ishaan Kor,2025-01-31,20:34:06,-08:00,2025-01-31T20:34:06-08:00,0,21
index.html,17,html,641190ef,Ishaan Kor,2025-01-31,20:34:06,-08:00,2025-01-31T20:34:06-08:00,0,50
index.html,18,html,641190ef,Ishaan Kor,2025-01-31,20:34:06,-08:00,2025-01-31T20:34:06-08:00,0,5
index.html,19,html,641190ef,Ishaan Kor,2025-01-31,20:34:06,-08:00,2025-01-31T20:34:06-08:00,0,25
index.html,20,html,641190ef,Ishaan Kor,2025-01-31,20:34:06,-08:00,2025-01-31T20:34:06-08:00,0,23
index.html,21,html,641190ef,Ishaan Kor,2025-01-31,20:34:06,-08:00,2025-01-31T20:34:06-08:00,0,5
index.html,22,html,1f491d59,Ishaan Kor,2025-01-11,16:03:55,-08:00,2025-01-11T16:03:55-08:00,0,6
index.html,23,html,1f491d59,Ishaan Kor,2025-01-11,16:03:55,-08:00,2025-01-11T16:03:55-08:00,0,6
global.js,1,js,0c833c89,Ishaan Kor,2025-01-24,17:06:39,-08:00,2025-01-24T17:06:39-08:00,0,26
global.js,2,js,0c833c89,Ishaan Kor,2025-01-24,17:06:39,-08:00,2025-01-24T17:06:39-08:00,0,0
global.js,3,js,0da4754a,Ishaan Kor,2025-01-31,18:37:12,-08:00,2025-01-31T18:37:12-08:00,0,37
global.js,4,js,0da4754a,Ishaan Kor,2025-01-31,18:37:12,-08:00,2025-01-31T18:37:12-08:00,0,4
global.js,5,js,0da4754a,Ishaan Kor,2025-01-31,18:37:12,-08:00,2025-01-31T18:37:12-08:00,0,33
global.js,6,js,0da4754a,Ishaan Kor,2025-01-31,18:37:12,-08:00,2025-01-31T18:37:12-08:00,0,18
global.js,7,js,0da4754a,Ishaan Kor,2025-01-31,18:37:12,-08:00,2025-01-31T18:37:12-08:00,0,67
global.js,8,js,0da4754a,Ishaan Kor,2025-01-31,18:37:12,-08:00,2025-01-31T18:37:12-08:00,0,7
global.js,9,js,0da4754a,Ishaan Kor,2025-01-31,18:37:12,-08:00,2025-01-31T18:37:12-08:00,0,20
global.js,10,js,0da4754a,Ishaan Kor,2025-01-31,18:37:12,-08:00,2025-01-31T18:37:12-08:00,0,34
global.js,11,js,0da4754a,Ishaan Kor,2025-01-31,18:37:12,-08:00,2025-01-31T18:37:12-08:00,0,11
global.js,12,js,0da4754a,Ishaan Kor,2025-01-31,18:37:12,-08:00,2025-01-31T18:37:12-08:00,0,0
global.js,13,js,0da4754a,Ishaan Kor,2025-01-31,18:37:12,-08:00,2025-01-31T18:37:12-08:00,0,16
global.js,14,js,0da4754a,Ishaan Kor,2025-01-31,18:37:12,-08:00,2025-01-31T18:37:12-08:00,0,60
global.js,15,js,0da4754a,Ishaan Kor,2025-01-31,18:37:12,-08:00,2025-01-31T18:37:12-08:00,0,0
global.js,16,js,0da4754a,Ishaan Kor,2025-01-31,18:37:12,-08:00,2025-01-31T18:37:12-08:00,0,0
global.js,17,js,0da4754a,Ishaan Kor,2025-01-31,18:37:12,-08:00,2025-01-31T18:37:12-08:00,0,0
global.js,18,js,641190ef,Ishaan Kor,2025-01-31,20:34:06,-08:00,2025-01-31T20:34:06-08:00,0,80
global.js,19,js,0da4754a,Ishaan Kor,2025-01-31,18:37:12,-08:00,2025-01-31T18:37:12-08:00,0,31
global.js,20,js,641190ef,Ishaan Kor,2025-01-31,20:34:06,-08:00,2025-01-31T20:34:06-08:00,0,28
global.js,21,js,641190ef,Ishaan Kor,2025-01-31,20:34:06,-08:00,2025-01-31T20:34:06-08:00,0,49
global.js,22,js,641190ef,Ishaan Kor,2025-01-31,20:34:06,-08:00,2025-01-31T20:34:06-08:00,0,20
global.js,23,js,ad82f1bd,Ishaan Kor,2025-02-08,01:03:10,-08:00,2025-02-08T01:03:10-08:00,0,30
global.js,24,js,ad82f1bd,Ishaan Kor,2025-02-08,01:03:10,-08:00,2025-02-08T01:03:10-08:00,0,50
global.js,25,js,ad82f1bd,Ishaan Kor,2025-02-08,01:03:10,-08:00,2025-02-08T01:03:10-08:00,0,75
global.js,26,js,ad82f1bd,Ishaan Kor,2025-02-08,01:03:10,-08:00,2025-02-08T01:03:10-08:00,0,28
global.js,27,js,ad82f1bd,Ishaan Kor,2025-02-08,01:03:10,-08:00,2025-02-08T01:03:10-08:00,0,24
global.js,28,js,ad82f1bd,Ishaan Kor,2025-02-08,01:03:10,-08:00,2025-02-08T01:03:10-08:00,0,5
global.js,29,js,641190ef,Ishaan Kor,2025-01-31,20:34:06,-08:00,2025-01-31T20:34:06-08:00,0,1
global.js,30,js,641190ef,Ishaan Kor,2025-01-31,20:34:06,-08:00,2025-01-31T20:34:06-08:00,0,37
global.js,31,js,641190ef,Ishaan Kor,2025-01-31,20:34:06,-08:00,2025-01-31T20:34:06-08:00,0,2
global.js,32,js,0da4754a,Ishaan Kor,2025-01-31,18:37:12,-08:00,2025-01-31T18:37:12-08:00,0,0
global.js,33,js,0da4754a,Ishaan Kor,2025-01-31,18:37:12,-08:00,2025-01-31T18:37:12-08:00,0,0
global.js,34,js,0c833c89,Ishaan Kor,2025-01-24,17:06:39,-08:00,2025-01-24T17:06:39-08:00,0,42
global.js,35,js,0c833c89,Ishaan Kor,2025-01-24,17:06:39,-08:00,2025-01-24T17:06:39-08:00,0,53
global.js,36,js,0c833c89,Ishaan Kor,2025-01-24,17:06:39,-08:00,2025-01-24T17:06:39-08:00,0,0
global.js,37,js,0c833c89,Ishaan Kor,2025-01-24,17:06:39,-08:00,2025-01-24T17:06:39-08:00,0,0
global.js,38,js,0c833c89,Ishaan Kor,2025-01-24,17:06:39,-08:00,2025-01-24T17:06:39-08:00,0,12
global.js,39,js,70085f80,Ishaan Kor,2025-02-08,04:28:30,-08:00,2025-02-08T04:28:30-08:00,0,63
global.js,40,js,70085f80,Ishaan Kor,2025-02-08,04:28:30,-08:00,2025-02-08T04:28:30-08:00,0,76
global.js,41,js,70085f80,Ishaan Kor,2025-02-08,04:28:30,-08:00,2025-02-08T04:28:30-08:00,0,72
global.js,42,js,e92b6364,Ishaan Kor,2025-02-14,17:10:11,-08:00,2025-02-14T17:10:11-08:00,0,67
global.js,43,js,db417108,Ishaan Kor,2025-01-24,18:06:03,-08:00,2025-01-24T18:06:03-08:00,0,57
global.js,44,js,70085f80,Ishaan Kor,2025-02-08,04:28:30,-08:00,2025-02-08T04:28:30-08:00,0,73
global.js,45,js,0c833c89,Ishaan Kor,2025-01-24,17:06:39,-08:00,2025-01-24T17:06:39-08:00,0,1
global.js,46,js,0c833c89,Ishaan Kor,2025-01-24,17:06:39,-08:00,2025-01-24T17:06:39-08:00,0,0
global.js,47,js,fa8fe40d,Ishaan Kor,2025-01-24,18:00:27,-08:00,2025-01-24T18:00:27-08:00,0,71
global.js,48,js,fa8fe40d,Ishaan Kor,2025-01-24,18:00:27,-08:00,2025-01-24T18:00:27-08:00,0,0
global.js,49,js,0c833c89,Ishaan Kor,2025-01-24,17:06:39,-08:00,2025-01-24T17:06:39-08:00,0,39
global.js,50,js,0c833c89,Ishaan Kor,2025-01-24,17:06:39,-08:00,2025-01-24T17:06:39-08:00,0,26
global.js,51,js,0c833c89,Ishaan Kor,2025-01-24,17:06:39,-08:00,2025-01-24T17:06:39-08:00,0,0
global.js,52,js,0c833c89,Ishaan Kor,2025-01-24,17:06:39,-08:00,2025-01-24T17:06:39-08:00,0,21
global.js,53,js,0c833c89,Ishaan Kor,2025-01-24,17:06:39,-08:00,2025-01-24T17:06:39-08:00,0,15
global.js,54,js,935a8d53,Ishaan Kor,2025-01-24,18:03:30,-08:00,2025-01-24T18:03:30-08:00,0,19
global.js,55,js,0c833c89,Ishaan Kor,2025-01-24,17:06:39,-08:00,2025-01-24T17:06:39-08:00,0,35
global.js,56,js,0c833c89,Ishaan Kor,2025-01-24,17:06:39,-08:00,2025-01-24T17:06:39-08:00,0,12
global.js,57,js,935a8d53,Ishaan Kor,2025-01-24,18:03:30,-08:00,2025-01-24T18:03:30-08:00,0,21
global.js,58,js,0c833c89,Ishaan Kor,2025-01-24,17:06:39,-08:00,2025-01-24T17:06:39-08:00,0,18
global.js,59,js,0c833c89,Ishaan Kor,2025-01-24,17:06:39,-08:00,2025-01-24T17:06:39-08:00,0,9
global.js,60,js,0f6557b9,Ishaan Kor,2025-01-24,17:56:06,-08:00,2025-01-24T17:56:06-08:00,0,59
global.js,61,js,0c833c89,Ishaan Kor,2025-01-24,17:06:39,-08:00,2025-01-24T17:06:39-08:00,0,1
global.js,62,js,0c833c89,Ishaan Kor,2025-01-24,17:06:39,-08:00,2025-01-24T17:06:39-08:00,0,30
global.js,63,js,fa8fe40d,Ishaan Kor,2025-01-24,18:00:27,-08:00,2025-01-24T18:00:27-08:00,0,34
global.js,64,js,0c833c89,Ishaan Kor,2025-01-24,17:06:39,-08:00,2025-01-24T17:06:39-08:00,0,0
global.js,65,js,935a8d53,Ishaan Kor,2025-01-24,18:03:30,-08:00,2025-01-24T18:03:30-08:00,0,13
global.js,66,js,0c833c89,Ishaan Kor,2025-01-24,17:06:39,-08:00,2025-01-24T17:06:39-08:00,0,0
global.js,67,js,0c833c89,Ishaan Kor,2025-01-24,17:06:39,-08:00,2025-01-24T17:06:39-08:00,0,0
global.js,68,js,0c833c89,Ishaan Kor,2025-01-24,17:06:39,-08:00,2025-01-24T17:06:39-08:00,0,32
global.js,69,js,0c833c89,Ishaan Kor,2025-01-24,17:06:39,-08:00,2025-01-24T17:06:39-08:00,0,12
global.js,70,js,0c833c89,Ishaan Kor,2025-01-24,17:06:39,-08:00,2025-01-24T17:06:39-08:00,0,0
global.js,71,js,0c833c89,Ishaan Kor,2025-01-24,17:06:39,-08:00,2025-01-24T17:06:39-08:00,0,27
global.js,72,js,0c833c89,Ishaan Kor,2025-01-24,17:06:39,-08:00,2025-01-24T17:06:39-08:00,0,5
global.js,73,js,0c833c89,Ishaan Kor,2025-01-24,17:06:39,-08:00,2025-01-24T17:06:39-08:00,0,7
global.js,74,js,0c833c89,Ishaan Kor,2025-01-24,17:06:39,-08:00,2025-01-24T17:06:39-08:00,0,46
global.js,75,js,0c833c89,Ishaan Kor,2025-01-24,17:06:39,-08:00,2025-01-24T17:06:39-08:00,0,37
global.js,76,js,0c833c89,Ishaan Kor,2025-01-24,17:06:39,-08:00,2025-01-24T17:06:39-08:00,0,35
global.js,77,js,0c833c89,Ishaan Kor,2025-01-24,17:06:39,-08:00,2025-01-24T17:06:39-08:00,0,8
global.js,78,js,0c833c89,Ishaan Kor,2025-01-24,17:06:39,-08:00,2025-01-24T17:06:39-08:00,0,8
global.js,79,js,0c833c89,Ishaan Kor,2025-01-24,17:06:39,-08:00,2025-01-24T17:06:39-08:00,0,1
global.js,80,js,0c833c89,Ishaan Kor,2025-01-24,17:06:39,-08:00,2025-01-24T17:06:39-08:00,0,0
global.js,81,js,0c833c89,Ishaan Kor,2025-01-24,17:06:39,-08:00,2025-01-24T17:06:39-08:00,0,59
global.js,82,js,0c833c89,Ishaan Kor,2025-01-24,17:06:39,-08:00,2025-01-24T17:06:39-08:00,0,0
global.js,83,js,0c833c89,Ishaan Kor,2025-01-24,17:06:39,-08:00,2025-01-24T17:06:39-08:00,0,35
global.js,84,js,0c833c89,Ishaan Kor,2025-01-24,17:06:39,-08:00,2025-01-24T17:06:39-08:00,0,36
global.js,85,js,0c833c89,Ishaan Kor,2025-01-24,17:06:39,-08:00,2025-01-24T17:06:39-08:00,0,50
global.js,86,js,0c833c89,Ishaan Kor,2025-01-24,17:06:39,-08:00,2025-01-24T17:06:39-08:00,0,20
global.js,87,js,0c833c89,Ishaan Kor,2025-01-24,17:06:39,-08:00,2025-01-24T17:06:39-08:00,0,0
global.js,88,js,0c833c89,Ishaan Kor,2025-01-24,17:06:39,-08:00,2025-01-24T17:06:39-08:00,0,0
global.js,89,js,0c833c89,Ishaan Kor,2025-01-24,17:06:39,-08:00,2025-01-24T17:06:39-08:00,0,50
global.js,90,js,0c833c89,Ishaan Kor,2025-01-24,17:06:39,-08:00,2025-01-24T17:06:39-08:00,0,38
global.js,91,js,0c833c89,Ishaan Kor,2025-01-24,17:06:39,-08:00,2025-01-24T17:06:39-08:00,0,40
global.js,92,js,0c833c89,Ishaan Kor,2025-01-24,17:06:39,-08:00,2025-01-24T17:06:39-08:00,0,53
global.js,93,js,0c833c89,Ishaan Kor,2025-01-24,17:06:39,-08:00,2025-01-24T17:06:39-08:00,0,58
global.js,94,js,0c833c89,Ishaan Kor,2025-01-24,17:06:39,-08:00,2025-01-24T17:06:39-08:00,0,2
global.js,95,js,0c833c89,Ishaan Kor,2025-01-24,17:06:39,-08:00,2025-01-24T17:06:39-08:00,0,0
global.js,96,js,0c833c89,Ishaan Kor,2025-01-24,17:06:39,-08:00,2025-01-24T17:06:39-08:00,0,57
global.js,97,js,0c833c89,Ishaan Kor,2025-01-24,17:06:39,-08:00,2025-01-24T17:06:39-08:00,0,0
global.js,98,js,0c833c89,Ishaan Kor,2025-01-24,17:06:39,-08:00,2025-01-24T17:06:39-08:00,0,58
global.js,99,js,0c833c89,Ishaan Kor,2025-01-24,17:06:39,-08:00,2025-01-24T17:06:39-08:00,0,22
global.js,100,js,0c833c89,Ishaan Kor,2025-01-24,17:06:39,-08:00,2025-01-24T17:06:39-08:00,0,36
global.js,101,js,0c833c89,Ishaan Kor,2025-01-24,17:06:39,-08:00,2025-01-24T17:06:39-08:00,0,35
global.js,102,js,0c833c89,Ishaan Kor,2025-01-24,17:06:39,-08:00,2025-01-24T17:06:39-08:00,0,15
global.js,103,js,0c833c89,Ishaan Kor,2025-01-24,17:06:39,-08:00,2025-01-24T17:06:39-08:00,0,32
global.js,104,js,0c833c89,Ishaan Kor,2025-01-24,17:06:39,-08:00,2025-01-24T17:06:39-08:00,0,71
global.js,105,js,0c833c89,Ishaan Kor,2025-01-24,17:06:39,-08:00,2025-01-24T17:06:39-08:00,0,0
global.js,106,js,0c833c89,Ishaan Kor,2025-01-24,17:06:39,-08:00,2025-01-24T17:06:39-08:00,0,23
global.js,107,js,0c833c89,Ishaan Kor,2025-01-24,17:06:39,-08:00,2025-01-24T17:06:39-08:00,0,19
global.js,108,js,0c833c89,Ishaan Kor,2025-01-24,17:06:39,-08:00,2025-01-24T17:06:39-08:00,0,2
global.js,109,js,efac3d34,Ishaan Kor,2025-01-31,18:32:19,-08:00,2025-01-31T18:32:19-08:00,0,0
resume/index.html,1,html,2c11511f,Ishaan Kor,2025-01-11,17:23:06,-08:00,2025-01-11T17:23:06-08:00,0,14
resume/index.html,2,html,2c11511f,Ishaan Kor,2025-01-11,17:23:06,-08:00,2025-01-11T17:23:06-08:00,0,15
resume/index.html,3,html,2c11511f,Ishaan Kor,2025-01-11,17:23:06,-08:00,2025-01-11T17:23:06-08:00,0,5
resume/index.html,4,html,2c11511f,Ishaan Kor,2025-01-11,17:23:06,-08:00,2025-01-11T17:23:06-08:00,0,21
resume/index.html,5,html,2c11511f,Ishaan Kor,2025-01-11,17:23:06,-08:00,2025-01-11T17:23:06-08:00,0,69
resume/index.html,6,html,cb5f3fe0,Ishaan Kor,2025-01-17,13:44:35,-08:00,2025-01-17T13:44:35-08:00,0,20
resume/index.html,7,html,d659fbe1,Ishaan Kor,2025-01-11,17:24:45,-08:00,2025-01-11T17:24:45-08:00,0,42
resume/index.html,8,html,0c833c89,Ishaan Kor,2025-01-24,17:06:39,-08:00,2025-01-24T17:06:39-08:00,0,49
resume/index.html,9,html,2c11511f,Ishaan Kor,2025-01-11,17:23:06,-08:00,2025-01-11T17:23:06-08:00,0,6
resume/index.html,10,html,2c11511f,Ishaan Kor,2025-01-11,17:23:06,-08:00,2025-01-11T17:23:06-08:00,0,5
resume/index.html,11,html,2c11511f,Ishaan Kor,2025-01-11,17:23:06,-08:00,2025-01-11T17:23:06-08:00,0,7
resume/index.html,12,html,2c11511f,Ishaan Kor,2025-01-11,17:23:06,-08:00,2025-01-11T17:23:06-08:00,0,22
resume/index.html,13,html,2c11511f,Ishaan Kor,2025-01-11,17:23:06,-08:00,2025-01-11T17:23:06-08:00,0,8
resume/index.html,14,html,2c11511f,Ishaan Kor,2025-01-11,17:23:06,-08:00,2025-01-11T17:23:06-08:00,0,0
resume/index.html,15,html,2c11511f,Ishaan Kor,2025-01-11,17:23:06,-08:00,2025-01-11T17:23:06-08:00,0,8
resume/index.html,16,html,2c11511f,Ishaan Kor,2025-01-11,17:23:06,-08:00,2025-01-11T17:23:06-08:00,0,30
resume/index.html,17,html,2c11511f,Ishaan Kor,2025-01-11,17:23:06,-08:00,2025-01-11T17:23:06-08:00,0,16
resume/index.html,18,html,2c11511f,Ishaan Kor,2025-01-11,17:23:06,-08:00,2025-01-11T17:23:06-08:00,0,8
resume/index.html,19,html,2c11511f,Ishaan Kor,2025-01-11,17:23:06,-08:00,2025-01-11T17:23:06-08:00,0,591
resume/index.html,20,html,2c11511f,Ishaan Kor,2025-01-11,17:23:06,-08:00,2025-01-11T17:23:06-08:00,0,9
resume/index.html,21,html,2c11511f,Ishaan Kor,2025-01-11,17:23:06,-08:00,2025-01-11T17:23:06-08:00,0,0
resume/index.html,22,html,0bd64978,Ishaan Kor,2025-01-17,13:56:25,-08:00,2025-01-17T13:56:25-08:00,0,26
resume/index.html,23,html,2c11511f,Ishaan Kor,2025-01-11,17:23:06,-08:00,2025-01-11T17:23:06-08:00,0,30
resume/index.html,24,html,2c11511f,Ishaan Kor,2025-01-11,17:23:06,-08:00,2025-01-11T17:23:06-08:00,0,17
resume/index.html,25,html,2c11511f,Ishaan Kor,2025-01-11,17:23:06,-08:00,2025-01-11T17:23:06-08:00,0,8
resume/index.html,26,html,2c11511f,Ishaan Kor,2025-01-11,17:23:06,-08:00,2025-01-11T17:23:06-08:00,0,8
resume/index.html,27,html,2c11511f,Ishaan Kor,2025-01-11,17:23:06,-08:00,2025-01-11T17:23:06-08:00,0,7
resume/index.html,28,html,cb5f3fe0,Ishaan Kor,2025-01-17,13:44:35,-08:00,2025-01-17T13:44:35-08:00,0,13
resume/index.html,29,html,cb5f3fe0,Ishaan Kor,2025-01-17,13:44:35,-08:00,2025-01-17T13:44:35-08:00,0,3
resume/index.html,30,html,cb5f3fe0,Ishaan Kor,2025-01-17,13:44:35,-08:00,2025-01-17T13:44:35-08:00,0,127
resume/index.html,31,html,cb5f3fe0,Ishaan Kor,2025-01-17,13:44:35,-08:00,2025-01-17T13:44:35-08:00,0,3
resume/index.html,32,html,cb5f3fe0,Ishaan Kor,2025-01-17,13:44:35,-08:00,2025-01-17T13:44:35-08:00,0,39
resume/index.html,33,html,cb5f3fe0,Ishaan Kor,2025-01-17,13:44:35,-08:00,2025-01-17T13:44:35-08:00,0,3
resume/index.html,34,html,cb5f3fe0,Ishaan Kor,2025-01-17,13:44:35,-08:00,2025-01-17T13:44:35-08:00,0,209
resume/index.html,35,html,cb5f3fe0,Ishaan Kor,2025-01-17,13:44:35,-08:00,2025-01-17T13:44:35-08:00,0,67
resume/index.html,36,html,cb5f3fe0,Ishaan Kor,2025-01-17,13:44:35,-08:00,2025-01-17T13:44:35-08:00,0,4
resume/index.html,37,html,cb5f3fe0,Ishaan Kor,2025-01-17,13:44:35,-08:00,2025-01-17T13:44:35-08:00,0,4
resume/index.html,38,html,cb5f3fe0,Ishaan Kor,2025-01-17,13:44:35,-08:00,2025-01-17T13:44:35-08:00,0,4
resume/index.html,39,html,cb5f3fe0,Ishaan Kor,2025-01-17,13:44:35,-08:00,2025-01-17T13:44:35-08:00,0,3
resume/index.html,40,html,cb5f3fe0,Ishaan Kor,2025-01-17,13:44:35,-08:00,2025-01-17T13:44:35-08:00,0,29
resume/index.html,41,html,cb5f3fe0,Ishaan Kor,2025-01-17,13:44:35,-08:00,2025-01-17T13:44:35-08:00,0,3
resume/index.html,42,html,cb5f3fe0,Ishaan Kor,2025-01-17,13:44:35,-08:00,2025-01-17T13:44:35-08:00,0,36
resume/index.html,43,html,cb5f3fe0,Ishaan Kor,2025-01-17,13:44:35,-08:00,2025-01-17T13:44:35-08:00,0,3
resume/index.html,44,html,cb5f3fe0,Ishaan Kor,2025-01-17,13:44:35,-08:00,2025-01-17T13:44:35-08:00,0,126
resume/index.html,45,html,cb5f3fe0,Ishaan Kor,2025-01-17,13:44:35,-08:00,2025-01-17T13:44:35-08:00,0,56
resume/index.html,46,html,cb5f3fe0,Ishaan Kor,2025-01-17,13:44:35,-08:00,2025-01-17T13:44:35-08:00,0,4
resume/index.html,47,html,cb5f3fe0,Ishaan Kor,2025-01-17,13:44:35,-08:00,2025-01-17T13:44:35-08:00,0,4
resume/index.html,48,html,cb5f3fe0,Ishaan Kor,2025-01-17,13:44:35,-08:00,2025-01-17T13:44:35-08:00,0,4
resume/index.html,49,html,cb5f3fe0,Ishaan Kor,2025-01-17,13:44:35,-08:00,2025-01-17T13:44:35-08:00,0,4
resume/index.html,50,html,2c11511f,Ishaan Kor,2025-01-11,17:23:06,-08:00,2025-01-11T17:23:06-08:00,0,8
resume/index.html,51,html,49ea174c,Ishaan Kor,2025-01-11,17:39:43,-08:00,2025-01-11T17:39:43-08:00,0,9
resume/index.html,52,html,2c11511f,Ishaan Kor,2025-01-11,17:23:06,-08:00,2025-01-11T17:23:06-08:00,0,9
resume/index.html,53,html,2c11511f,Ishaan Kor,2025-01-11,17:23:06,-08:00,2025-01-11T17:23:06-08:00,0,0
resume/index.html,54,html,2c11511f,Ishaan Kor,2025-01-11,17:23:06,-08:00,2025-01-11T17:23:06-08:00,0,8
resume/index.html,55,html,2c11511f,Ishaan Kor,2025-01-11,17:23:06,-08:00,2025-01-11T17:23:06-08:00,0,30
resume/index.html,56,html,2c11511f,Ishaan Kor,2025-01-11,17:23:06,-08:00,2025-01-11T17:23:06-08:00,0,14
resume/index.html,57,html,2c11511f,Ishaan Kor,2025-01-11,17:23:06,-08:00,2025-01-11T17:23:06-08:00,0,8
resume/index.html,58,html,2c11511f,Ishaan Kor,2025-01-11,17:23:06,-08:00,2025-01-11T17:23:06-08:00,0,3
resume/index.html,59,html,49ea174c,Ishaan Kor,2025-01-11,17:39:43,-08:00,2025-01-11T17:39:43-08:00,0,445
resume/index.html,60,html,49ea174c,Ishaan Kor,2025-01-11,17:39:43,-08:00,2025-01-11T17:39:43-08:00,0,426
resume/index.html,61,html,c6478c7f,Ishaan Kor,2025-01-17,13:10:33,-08:00,2025-01-17T13:10:33-08:00,0,61
resume/index.html,62,html,2c11511f,Ishaan Kor,2025-01-11,17:23:06,-08:00,2025-01-11T17:23:06-08:00,0,4
resume/index.html,63,html,2c11511f,Ishaan Kor,2025-01-11,17:23:06,-08:00,2025-01-11T17:23:06-08:00,0,9
resume/index.html,64,html,2c11511f,Ishaan Kor,2025-01-11,17:23:06,-08:00,2025-01-11T17:23:06-08:00,0,0
resume/index.html,65,html,2c11511f,Ishaan Kor,2025-01-11,17:23:06,-08:00,2025-01-11T17:23:06-08:00,0,8
resume/index.html,66,html,2c11511f,Ishaan Kor,2025-01-11,17:23:06,-08:00,2025-01-11T17:23:06-08:00,0,30
resume/index.html,67,html,2c11511f,Ishaan Kor,2025-01-11,17:23:06,-08:00,2025-01-11T17:23:06-08:00,0,22
resume/index.html,68,html,2c11511f,Ishaan Kor,2025-01-11,17:23:06,-08:00,2025-01-11T17:23:06-08:00,0,8
resume/index.html,69,html,2c11511f,Ishaan Kor,2025-01-11,17:23:06,-08:00,2025-01-11T17:23:06-08:00,0,3
resume/index.html,70,html,49ea174c,Ishaan Kor,2025-01-11,17:39:43,-08:00,2025-01-11T17:39:43-08:00,0,46
resume/index.html,71,html,2c11511f,Ishaan Kor,2025-01-11,17:23:06,-08:00,2025-01-11T17:23:06-08:00,0,39
resume/index.html,72,html,2c11511f,Ishaan Kor,2025-01-11,17:23:06,-08:00,2025-01-11T17:23:06-08:00,0,4
resume/index.html,73,html,2c11511f,Ishaan Kor,2025-01-11,17:23:06,-08:00,2025-01-11T17:23:06-08:00,0,9
resume/index.html,74,html,2c11511f,Ishaan Kor,2025-01-11,17:23:06,-08:00,2025-01-11T17:23:06-08:00,0,0
resume/index.html,75,html,2c11511f,Ishaan Kor,2025-01-11,17:23:06,-08:00,2025-01-11T17:23:06-08:00,0,8
resume/index.html,76,html,2c11511f,Ishaan Kor,2025-01-11,17:23:06,-08:00,2025-01-11T17:23:06-08:00,0,30
resume/index.html,77,html,2c11511f,Ishaan Kor,2025-01-11,17:23:06,-08:00,2025-01-11T17:23:06-08:00,0,27
resume/index.html,78,html,2c11511f,Ishaan Kor,2025-01-11,17:23:06,-08:00,2025-01-11T17:23:06-08:00,0,8
resume/index.html,79,html,d659fbe1,Ishaan Kor,2025-01-11,17:24:45,-08:00,2025-01-11T17:24:45-08:00,0,229
resume/index.html,80,html,2c11511f,Ishaan Kor,2025-01-11,17:23:06,-08:00,2025-01-11T17:23:06-08:00,0,9
resume/index.html,81,html,2c11511f,Ishaan Kor,2025-01-11,17:23:06,-08:00,2025-01-11T17:23:06-08:00,0,0
resume/index.html,82,html,2c11511f,Ishaan Kor,2025-01-11,17:23:06,-08:00,2025-01-11T17:23:06-08:00,0,6
resume/index.html,83,html,2c11511f,Ishaan Kor,2025-01-11,17:23:06,-08:00,2025-01-11T17:23:06-08:00,0,6
projects/projects.js,1,js,efac3d34,Ishaan Kor,2025-01-31,18:32:19,-08:00,2025-01-31T18:32:19-08:00,0,56
projects/projects.js,2,js,ad82f1bd,Ishaan Kor,2025-02-08,01:03:10,-08:00,2025-02-08T01:03:10-08:00,0,64
projects/projects.js,3,js,efac3d34,Ishaan Kor,2025-01-31,18:32:19,-08:00,2025-01-31T18:32:19-08:00,0,0
projects/projects.js,4,js,efac3d34,Ishaan Kor,2025-01-31,18:32:19,-08:00,2025-01-31T18:32:19-08:00,0,56
projects/projects.js,5,js,641190ef,Ishaan Kor,2025-01-31,20:34:06,-08:00,2025-01-31T20:34:06-08:00,0,63
projects/projects.js,6,js,efac3d34,Ishaan Kor,2025-01-31,18:32:19,-08:00,2025-01-31T18:32:19-08:00,0,61
projects/projects.js,7,js,641190ef,Ishaan Kor,2025-01-31,20:34:06,-08:00,2025-01-31T20:34:06-08:00,0,57
projects/projects.js,8,js,ad82f1bd,Ishaan Kor,2025-02-08,01:03:10,-08:00,2025-02-08T01:03:10-08:00,0,49
projects/projects.js,9,js,ad82f1bd,Ishaan Kor,2025-02-08,01:03:10,-08:00,2025-02-08T01:03:10-08:00,0,22
projects/projects.js,10,js,ad82f1bd,Ishaan Kor,2025-02-08,01:03:10,-08:00,2025-02-08T01:03:10-08:00,0,14
projects/projects.js,11,js,ad82f1bd,Ishaan Kor,2025-02-08,01:03:10,-08:00,2025-02-08T01:03:10-08:00,0,39
projects/projects.js,12,js,ad82f1bd,Ishaan Kor,2025-02-08,01:03:10,-08:00,2025-02-08T01:03:10-08:00,0,30
projects/projects.js,13,js,ad82f1bd,Ishaan Kor,2025-02-08,01:03:10,-08:00,2025-02-08T01:03:10-08:00,0,13
projects/projects.js,14,js,ad82f1bd,Ishaan Kor,2025-02-08,01:03:10,-08:00,2025-02-08T01:03:10-08:00,0,15
projects/projects.js,15,js,ad82f1bd,Ishaan Kor,2025-02-08,01:03:10,-08:00,2025-02-08T01:03:10-08:00,0,12
projects/projects.js,16,js,ad82f1bd,Ishaan Kor,2025-02-08,01:03:10,-08:00,2025-02-08T01:03:10-08:00,0,1
projects/projects.js,17,js,ad82f1bd,Ishaan Kor,2025-02-08,01:03:10,-08:00,2025-02-08T01:03:10-08:00,0,0
projects/projects.js,18,js,ad82f1bd,Ishaan Kor,2025-02-08,01:03:10,-08:00,2025-02-08T01:03:10-08:00,0,52
projects/projects.js,19,js,ad82f1bd,Ishaan Kor,2025-02-08,01:03:10,-08:00,2025-02-08T01:03:10-08:00,0,12
projects/projects.js,20,js,ad82f1bd,Ishaan Kor,2025-02-08,01:03:10,-08:00,2025-02-08T01:03:10-08:00,0,10
projects/projects.js,21,js,ad82f1bd,Ishaan Kor,2025-02-08,01:03:10,-08:00,2025-02-08T01:03:10-08:00,0,3
projects/projects.js,22,js,ad82f1bd,Ishaan Kor,2025-02-08,01:03:10,-08:00,2025-02-08T01:03:10-08:00,0,0
projects/projects.js,23,js,ad82f1bd,Ishaan Kor,2025-02-08,01:03:10,-08:00,2025-02-08T01:03:10-08:00,0,61
projects/projects.js,24,js,ad82f1bd,Ishaan Kor,2025-02-08,01:03:10,-08:00,2025-02-08T01:03:10-08:00,0,52
projects/projects.js,25,js,ad82f1bd,Ishaan Kor,2025-02-08,01:03:10,-08:00,2025-02-08T01:03:10-08:00,0,43
projects/projects.js,26,js,ad82f1bd,Ishaan Kor,2025-02-08,01:03:10,-08:00,2025-02-08T01:03:10-08:00,0,0
projects/projects.js,27,js,ad82f1bd,Ishaan Kor,2025-02-08,01:03:10,-08:00,2025-02-08T01:03:10-08:00,0,41
projects/projects.js,28,js,ad82f1bd,Ishaan Kor,2025-02-08,01:03:10,-08:00,2025-02-08T01:03:10-08:00,0,33
projects/projects.js,29,js,ad82f1bd,Ishaan Kor,2025-02-08,01:03:10,-08:00,2025-02-08T01:03:10-08:00,0,0
projects/projects.js,30,js,ad82f1bd,Ishaan Kor,2025-02-08,01:03:10,-08:00,2025-02-08T01:03:10-08:00,0,27
projects/projects.js,31,js,ad82f1bd,Ishaan Kor,2025-02-08,01:03:10,-08:00,2025-02-08T01:03:10-08:00,0,30
projects/projects.js,32,js,ad82f1bd,Ishaan Kor,2025-02-08,01:03:10,-08:00,2025-02-08T01:03:10-08:00,0,0
projects/projects.js,33,js,ad82f1bd,Ishaan Kor,2025-02-08,01:03:10,-08:00,2025-02-08T01:03:10-08:00,0,48
projects/projects.js,34,js,ad82f1bd,Ishaan Kor,2025-02-08,01:03:10,-08:00,2025-02-08T01:03:10-08:00,0,0
projects/projects.js,35,js,ad82f1bd,Ishaan Kor,2025-02-08,01:03:10,-08:00,2025-02-08T01:03:10-08:00,0,20
projects/projects.js,36,js,ad82f1bd,Ishaan Kor,2025-02-08,01:03:10,-08:00,2025-02-08T01:03:10-08:00,0,16
projects/projects.js,37,js,ad82f1bd,Ishaan Kor,2025-02-08,01:03:10,-08:00,2025-02-08T01:03:10-08:00,0,7
projects/projects.js,38,js,ad82f1bd,Ishaan Kor,2025-02-08,01:03:10,-08:00,2025-02-08T01:03:10-08:00,0,14
projects/projects.js,39,js,ad82f1bd,Ishaan Kor,2025-02-08,01:03:10,-08:00,2025-02-08T01:03:10-08:00,0,26
projects/projects.js,40,js,ad82f1bd,Ishaan Kor,2025-02-08,01:03:10,-08:00,2025-02-08T01:03:10-08:00,0,33
projects/projects.js,41,js,ad82f1bd,Ishaan Kor,2025-02-08,01:03:10,-08:00,2025-02-08T01:03:10-08:00,0,33
projects/projects.js,42,js,ad82f1bd,Ishaan Kor,2025-02-08,01:03:10,-08:00,2025-02-08T01:03:10-08:00,0,66
projects/projects.js,43,js,ad82f1bd,Ishaan Kor,2025-02-08,01:03:10,-08:00,2025-02-08T01:03:10-08:00,0,20
projects/projects.js,44,js,173d1bbe,Ishaan Kor,2025-02-08,18:05:36,-08:00,2025-02-08T18:05:36-08:00,0,103
projects/projects.js,45,js,ad82f1bd,Ishaan Kor,2025-02-08,01:03:10,-08:00,2025-02-08T01:03:10-08:00,0,21
projects/projects.js,46,js,ad82f1bd,Ishaan Kor,2025-02-08,01:03:10,-08:00,2025-02-08T01:03:10-08:00,0,93
projects/projects.js,47,js,ad82f1bd,Ishaan Kor,2025-02-08,01:03:10,-08:00,2025-02-08T01:03:10-08:00,0,30
projects/projects.js,48,js,ad82f1bd,Ishaan Kor,2025-02-08,01:03:10,-08:00,2025-02-08T01:03:10-08:00,0,53
projects/projects.js,49,js,ad82f1bd,Ishaan Kor,2025-02-08,01:03:10,-08:00,2025-02-08T01:03:10-08:00,0,85
projects/projects.js,50,js,ad82f1bd,Ishaan Kor,2025-02-08,01:03:10,-08:00,2025-02-08T01:03:10-08:00,0,57
projects/projects.js,51,js,ad82f1bd,Ishaan Kor,2025-02-08,01:03:10,-08:00,2025-02-08T01:03:10-08:00,0,2
projects/projects.js,52,js,ad82f1bd,Ishaan Kor,2025-02-08,01:03:10,-08:00,2025-02-08T01:03:10-08:00,0,0
projects/projects.js,53,js,ad82f1bd,Ishaan Kor,2025-02-08,01:03:10,-08:00,2025-02-08T01:03:10-08:00,0,0
projects/projects.js,54,js,ad82f1bd,Ishaan Kor,2025-02-08,01:03:10,-08:00,2025-02-08T01:03:10-08:00,0,21
projects/projects.js,55,js,ad82f1bd,Ishaan Kor,2025-02-08,01:03:10,-08:00,2025-02-08T01:03:10-08:00,0,13
projects/projects.js,56,js,ad82f1bd,Ishaan Kor,2025-02-08,01:03:10,-08:00,2025-02-08T01:03:10-08:00,0,7
projects/projects.js,57,js,ad82f1bd,Ishaan Kor,2025-02-08,01:03:10,-08:00,2025-02-08T01:03:10-08:00,0,12
projects/projects.js,58,js,ad82f1bd,Ishaan Kor,2025-02-08,01:03:10,-08:00,2025-02-08T01:03:10-08:00,0,47
projects/projects.js,59,js,ad82f1bd,Ishaan Kor,2025-02-08,01:03:10,-08:00,2025-02-08T01:03:10-08:00,0,74
projects/projects.js,60,js,ad82f1bd,Ishaan Kor,2025-02-08,01:03:10,-08:00,2025-02-08T01:03:10-08:00,0,29
projects/projects.js,61,js,ad82f1bd,Ishaan Kor,2025-02-08,01:03:10,-08:00,2025-02-08T01:03:10-08:00,0,21
projects/projects.js,62,js,ad82f1bd,Ishaan Kor,2025-02-08,01:03:10,-08:00,2025-02-08T01:03:10-08:00,0,72
projects/projects.js,63,js,ad82f1bd,Ishaan Kor,2025-02-08,01:03:10,-08:00,2025-02-08T01:03:10-08:00,0,26
projects/projects.js,64,js,ad82f1bd,Ishaan Kor,2025-02-08,01:03:10,-08:00,2025-02-08T01:03:10-08:00,0,67
projects/projects.js,65,js,ad82f1bd,Ishaan Kor,2025-02-08,01:03:10,-08:00,2025-02-08T01:03:10-08:00,0,57
projects/projects.js,66,js,ad82f1bd,Ishaan Kor,2025-02-08,01:03:10,-08:00,2025-02-08T01:03:10-08:00,0,2
projects/projects.js,67,js,ad82f1bd,Ishaan Kor,2025-02-08,01:03:10,-08:00,2025-02-08T01:03:10-08:00,0,0
projects/projects.js,68,js,ad82f1bd,Ishaan Kor,2025-02-08,01:03:10,-08:00,2025-02-08T01:03:10-08:00,0,0
projects/projects.js,69,js,ad82f1bd,Ishaan Kor,2025-02-08,01:03:10,-08:00,2025-02-08T01:03:10-08:00,0,23
projects/projects.js,70,js,ad82f1bd,Ishaan Kor,2025-02-08,01:03:10,-08:00,2025-02-08T01:03:10-08:00,0,24
projects/projects.js,71,js,ad82f1bd,Ishaan Kor,2025-02-08,01:03:10,-08:00,2025-02-08T01:03:10-08:00,0,0
projects/projects.js,72,js,ad82f1bd,Ishaan Kor,2025-02-08,01:03:10,-08:00,2025-02-08T01:03:10-08:00,0,54
projects/projects.js,73,js,ad82f1bd,Ishaan Kor,2025-02-08,01:03:10,-08:00,2025-02-08T01:03:10-08:00,0,49
projects/projects.js,74,js,ad82f1bd,Ishaan Kor,2025-02-08,01:03:10,-08:00,2025-02-08T01:03:10-08:00,0,40
projects/projects.js,75,js,ad82f1bd,Ishaan Kor,2025-02-08,01:03:10,-08:00,2025-02-08T01:03:10-08:00,0,50
projects/projects.js,76,js,ad82f1bd,Ishaan Kor,2025-02-08,01:03:10,-08:00,2025-02-08T01:03:10-08:00,0,60
projects/projects.js,77,js,ad82f1bd,Ishaan Kor,2025-02-08,01:03:10,-08:00,2025-02-08T01:03:10-08:00,0,29
projects/projects.js,78,js,ad82f1bd,Ishaan Kor,2025-02-08,01:03:10,-08:00,2025-02-08T01:03:10-08:00,0,2
projects/projects.js,79,js,ad82f1bd,Ishaan Kor,2025-02-08,01:03:10,-08:00,2025-02-08T01:03:10-08:00,0,57
projects/projects.js,80,js,ad82f1bd,Ishaan Kor,2025-02-08,01:03:10,-08:00,2025-02-08T01:03:10-08:00,0,32
projects/projects.js,81,js,ad82f1bd,Ishaan Kor,2025-02-08,01:03:10,-08:00,2025-02-08T01:03:10-08:00,0,2
projects/index.html,1,html,74746bc0,Ishaan Kor,2025-01-11,16:35:16,-08:00,2025-01-11T16:35:16-08:00,0,14
projects/index.html,2,html,74746bc0,Ishaan Kor,2025-01-11,16:35:16,-08:00,2025-01-11T16:35:16-08:00,0,15
projects/index.html,3,html,74746bc0,Ishaan Kor,2025-01-11,16:35:16,-08:00,2025-01-11T16:35:16-08:00,0,5
projects/index.html,4,html,74746bc0,Ishaan Kor,2025-01-11,16:35:16,-08:00,2025-01-11T16:35:16-08:00,0,21
projects/index.html,5,html,74746bc0,Ishaan Kor,2025-01-11,16:35:16,-08:00,2025-01-11T16:35:16-08:00,0,69
projects/index.html,6,html,74746bc0,Ishaan Kor,2025-01-11,16:35:16,-08:00,2025-01-11T16:35:16-08:00,0,34
projects/index.html,7,html,3ec2cf6c,Ishaan Kor,2025-01-11,17:05:37,-08:00,2025-01-11T17:05:37-08:00,0,42
projects/index.html,8,html,641190ef,Ishaan Kor,2025-01-31,20:34:06,-08:00,2025-01-31T20:34:06-08:00,0,49
projects/index.html,9,html,641190ef,Ishaan Kor,2025-01-31,20:34:06,-08:00,2025-01-31T20:34:06-08:00,0,48
projects/index.html,10,html,74746bc0,Ishaan Kor,2025-01-11,16:35:16,-08:00,2025-01-11T16:35:16-08:00,0,6
projects/index.html,11,html,74746bc0,Ishaan Kor,2025-01-11,16:35:16,-08:00,2025-01-11T16:35:16-08:00,0,5
projects/index.html,12,html,641190ef,Ishaan Kor,2025-01-31,20:34:06,-08:00,2025-01-31T20:34:06-08:00,0,39
projects/index.html,13,html,ad82f1bd,Ishaan Kor,2025-02-08,01:03:10,-08:00,2025-02-08T01:03:10-08:00,0,22
projects/index.html,14,html,ad82f1bd,Ishaan Kor,2025-02-08,01:03:10,-08:00,2025-02-08T01:03:10-08:00,0,59
projects/index.html,15,html,ad82f1bd,Ishaan Kor,2025-02-08,01:03:10,-08:00,2025-02-08T01:03:10-08:00,0,23
projects/index.html,16,html,ad82f1bd,Ishaan Kor,2025-02-08,01:03:10,-08:00,2025-02-08T01:03:10-08:00,0,5
projects/index.html,17,html,ad82f1bd,Ishaan Kor,2025-02-08,01:03:10,-08:00,2025-02-08T01:03:10-08:00,0,5
projects/index.html,18,html,ad82f1bd,Ishaan Kor,2025-02-08,01:03:10,-08:00,2025-02-08T01:03:10-08:00,0,16
projects/index.html,19,html,ad82f1bd,Ishaan Kor,2025-02-08,01:03:10,-08:00,2025-02-08T01:03:10-08:00,0,12
projects/index.html,20,html,ad82f1bd,Ishaan Kor,2025-02-08,01:03:10,-08:00,2025-02-08T01:03:10-08:00,0,27
projects/index.html,21,html,ad82f1bd,Ishaan Kor,2025-02-08,01:03:10,-08:00,2025-02-08T01:03:10-08:00,0,32
projects/index.html,22,html,ad82f1bd,Ishaan Kor,2025-02-08,01:03:10,-08:00,2025-02-08T01:03:10-08:00,0,1
projects/index.html,23,html,c6478c7f,Ishaan Kor,2025-01-17,13:10:33,-08:00,2025-01-17T13:10:33-08:00,0,21
projects/index.html,24,html,c6478c7f,Ishaan Kor,2025-01-17,13:10:33,-08:00,2025-01-17T13:10:33-08:00,0,5
projects/index.html,25,html,74746bc0,Ishaan Kor,2025-01-11,16:35:16,-08:00,2025-01-11T16:35:16-08:00,0,6
projects/index.html,26,html,74746bc0,Ishaan Kor,2025-01-11,16:35:16,-08:00,2025-01-11T16:35:16-08:00,0,6
meta/index.html,1,html,e92b6364,Ishaan Kor,2025-02-14,17:10:11,-08:00,2025-02-14T17:10:11-08:00,0,14
meta/index.html,2,html,e92b6364,Ishaan Kor,2025-02-14,17:10:11,-08:00,2025-02-14T17:10:11-08:00,0,15
meta/index.html,3,html,e92b6364,Ishaan Kor,2025-02-14,17:10:11,-08:00,2025-02-14T17:10:11-08:00,0,5
meta/index.html,4,html,e92b6364,Ishaan Kor,2025-02-14,17:10:11,-08:00,2025-02-14T17:10:11-08:00,0,21
meta/index.html,5,html,e92b6364,Ishaan Kor,2025-02-14,17:10:11,-08:00,2025-02-14T17:10:11-08:00,0,69
meta/index.html,6,html,e92b6364,Ishaan Kor,2025-02-14,17:10:11,-08:00,2025-02-14T17:10:11-08:00,0,30
meta/index.html,7,html,e92b6364,Ishaan Kor,2025-02-14,17:10:11,-08:00,2025-02-14T17:10:11-08:00,0,42
meta/index.html,8,html,e92b6364,Ishaan Kor,2025-02-14,17:10:11,-08:00,2025-02-14T17:10:11-08:00,0,49
meta/index.html,9,html,e92b6364,Ishaan Kor,2025-02-14,17:10:11,-08:00,2025-02-14T17:10:11-08:00,0,6
meta/index.html,10,html,e92b6364,Ishaan Kor,2025-02-14,17:10:11,-08:00,2025-02-14T17:10:11-08:00,0,5
meta/index.html,11,html,e92b6364,Ishaan Kor,2025-02-14,17:10:11,-08:00,2025-02-14T17:10:11-08:00,0,33
meta/index.html,12,html,e92b6364,Ishaan Kor,2025-02-14,17:10:11,-08:00,2025-02-14T17:10:11-08:00,0,17
meta/index.html,13,html,e92b6364,Ishaan Kor,2025-02-14,17:10:11,-08:00,2025-02-14T17:10:11-08:00,0,55
meta/index.html,14,html,e92b6364,Ishaan Kor,2025-02-14,17:10:11,-08:00,2025-02-14T17:10:11-08:00,0,5
meta/index.html,15,html,e92b6364,Ishaan Kor,2025-02-14,17:10:11,-08:00,2025-02-14T17:10:11-08:00,0,6
meta/index.html,16,html,e92b6364,Ishaan Kor,2025-02-14,17:10:11,-08:00,2025-02-14T17:10:11-08:00,0,6
contact/index.html,1,html,74746bc0,Ishaan Kor,2025-01-11,16:35:16,-08:00,2025-01-11T16:35:16-08:00,0,14
contact/index.html,2,html,74746bc0,Ishaan Kor,2025-01-11,16:35:16,-08:00,2025-01-11T16:35:16-08:00,0,15
contact/index.html,3,html,74746bc0,Ishaan Kor,2025-01-11,16:35:16,-08:00,2025-01-11T16:35:16-08:00,0,5
contact/index.html,4,html,74746bc0,Ishaan Kor,2025-01-11,16:35:16,-08:00,2025-01-11T16:35:16-08:00,0,21
contact/index.html,5,html,74746bc0,Ishaan Kor,2025-01-11,16:35:16,-08:00,2025-01-11T16:35:16-08:00,0,69
contact/index.html,6,html,74746bc0,Ishaan Kor,2025-01-11,16:35:16,-08:00,2025-01-11T16:35:16-08:00,0,33
contact/index.html,7,html,3ec2cf6c,Ishaan Kor,2025-01-11,17:05:37,-08:00,2025-01-11T17:05:37-08:00,0,42
contact/index.html,8,html,0c833c89,Ishaan Kor,2025-01-24,17:06:39,-08:00,2025-01-24T17:06:39-08:00,0,49
contact/index.html,9,html,74746bc0,Ishaan Kor,2025-01-11,16:35:16,-08:00,2025-01-11T16:35:16-08:00,0,6
contact/index.html,10,html,74746bc0,Ishaan Kor,2025-01-11,16:35:16,-08:00,2025-01-11T16:35:16-08:00,0,5
contact/index.html,11,html,cb5f3fe0,Ishaan Kor,2025-01-17,13:44:35,-08:00,2025-01-17T13:44:35-08:00,0,18
contact/index.html,12,html,0c833c89,Ishaan Kor,2025-01-24,17:06:39,-08:00,2025-01-24T17:06:39-08:00,0,75
contact/index.html,13,html,3ec2cf6c,Ishaan Kor,2025-01-11,17:05:37,-08:00,2025-01-11T17:05:37-08:00,0,12
contact/index.html,14,html,3ec2cf6c,Ishaan Kor,2025-01-11,17:05:37,-08:00,2025-01-11T17:05:37-08:00,0,32
contact/index.html,15,html,3ec2cf6c,Ishaan Kor,2025-01-11,17:05:37,-08:00,2025-01-11T17:05:37-08:00,0,7
contact/index.html,16,html,3ec2cf6c,Ishaan Kor,2025-01-11,17:05:37,-08:00,2025-01-11T17:05:37-08:00,0,14
contact/index.html,17,html,3ec2cf6c,Ishaan Kor,2025-01-11,17:05:37,-08:00,2025-01-11T17:05:37-08:00,0,36
contact/index.html,18,html,3ec2cf6c,Ishaan Kor,2025-01-11,17:05:37,-08:00,2025-01-11T17:05:37-08:00,0,7
contact/index.html,19,html,cb5f3fe0,Ishaan Kor,2025-01-17,13:44:35,-08:00,2025-01-17T13:44:35-08:00,0,14
contact/index.html,20,html,3ec2cf6c,Ishaan Kor,2025-01-11,17:05:37,-08:00,2025-01-11T17:05:37-08:00,0,44
contact/index.html,21,html,3ec2cf6c,Ishaan Kor,2025-01-11,17:05:37,-08:00,2025-01-11T17:05:37-08:00,0,7
contact/index.html,22,html,0c833c89,Ishaan Kor,2025-01-24,17:06:39,-08:00,2025-01-24T17:06:39-08:00,0,36
contact/index.html,23,html,3ec2cf6c,Ishaan Kor,2025-01-11,17:05:37,-08:00,2025-01-11T17:05:37-08:00,0,6
contact/index.html,24,html,74746bc0,Ishaan Kor,2025-01-11,16:35:16,-08:00,2025-01-11T16:35:16-08:00,0,6
contact/index.html,25,html,74746bc0,Ishaan Kor,2025-01-11,16:35:16,-08:00,2025-01-11T16:35:16-08:00,0,6
